<?xml version="1.0" encoding="UTF-8"?>
<!DOCTYPE mapper PUBLIC "-//mybatis.org//DTD Mapper 3.0//EN" "http://mybatis.org/dtd/mybatis-3-mapper.dtd">
<mapper namespace="com.kgc.dao.bill.SmbmsBillDao">
    <resultMap id="smbmsMap" type="SmbmsBill">
        <id property="id" column="id"/>
        <result property="billCode" column="billCode"/>
        <result property="productName" column="productName"/>
        <result property="productDesc" column="productDesc"/>
        <result property="productUnit" column="productUnit"/>
        <result property="productCount" column="productCount"/>
        <result property="totalPrice" column="totalPrice"/>
        <result property="isPayment" column="isPayment"/>
        <result property="createdBy" column="createdBy"/>
        <result property="creationDate" column="creationDate"/>
        <result property="modifyBy" column="modifyBy"/>
        <result property="modifyDate" column="modifyDate"/>
        <result property="providerId" column="providerId"/>
        <association property="provider" javaType="SmbmsProvider">
            <id property="id" column="id"/>
            <result property="proCode" column="proCode"/>
            <result property="proName" column="proName"/>
            <result property="proDesc" column="proDesc"/>
            <result property="proContact" column="proContact"/>
            <result property="proPhone" column="proPhone"/>
            <result property="proAddress" column="proAddress"/>
            <result property="proFax" column="proFax"/>
            <result property="createdBy" column="createdBy"/>
            <result property="creationDate" column="creationDate"/>
            <result property="modifyDate" column="modifyDate"/>
            <result property="modifyBy" column="modifyBy"/>
        </association>
    </resultMap>
    <resultMap id="probiderMap" type="SmbmsProvider">
        <id property="id" column="id"/>
        <result property="proCode" column="proCode"/>
        <result property="proName" column="proName"/>
        <result property="proDesc" column="proDesc"/>
        <result property="proContact" column="proContact"/>
        <result property="proPhone" column="proPhone"/>
        <result property="proAddress" column="proAddress"/>
        <result property="proFax" column="proFax"/>
        <result property="createdBy" column="createdBy"/>
        <result property="creationDate" column="creationDate"/>
        <result property="modifyDate" column="modifyDate"/>
        <result property="modifyBy" column="modifyBy"/>
    </resultMap>

    <sql id="sele">
         s.billCode,s.productName,s.productUnit,s.productCount,s.totalPrice, sm.proName,sm.id,s.isPayment
    </sql>

    <!--<select id="findAll" resultMap="smbmsMap">
        select s.*,sm.proName from smbms_bill s ,smbms_provider sm where s.providerId=sm.id
    </select>-->
    <select id="providerFind" resultMap="probiderMap">
        select * from smbms_provider
    </select>

    <select id="findByName_Id_pent" resultMap="smbmsMap">
        select s.* ,sm.* from smbms_bill s,smbms_provider sm
        <where>
            s.providerId=sm.id
            <if test="productName!=null">
              and s.productName like CONCAT ('%',#{productName},'%')
            </if>
            <if test="providerId!=0 and providerId!=null">
              and s.providerId like CONCAT ('%',#{providerId},'%')
            </if>
            <if test="isPayment!=0 and isPayment!=null">
              and s.isPayment like CONCAT ('%',#{isPayment},'%')
            </if>
        </where>
    </select>

    <select id="findById" resultMap="smbmsMap">
        select <include refid="sele"/>
          from smbms_bill s ,smbms_provider sm
              where s.id=#{id}
                  and s.providerId=sm.id
    </select>

   <!-- <select id="findAll_ById" resultMap="smbmsMap">
        select <include refid="sele"/>
           from smbms_bill s ,smbms_provider sm
              where s.id=#{id}
                and s.providerId=sm.id
    </select>-->

    <delete id="del" parameterType="Integer">
        delete from smbms_bill where id=#{billid}
    </delete>

    <update id="chang" parameterType="SmbmsBill">
      update smbms_bill set productName=#{productName},productUnit=#{productUnit},
        totalPrice=#{totalPrice},productCount=#{productCount},providerId=#{providerId},isPayment=#{isPayment}
          where billCode=#{billCode}
    </update>

    <insert id="add" parameterType="SmbmsBill">
        insert into smbms_bill(billCode,productName,productUnit,productCount,totalPrice,providerId,isPayment)
          values (#{billCode},#{productName},#{productUnit},#{productCount},#{totalPrice},#{providerId},#{isPayment})
    </insert>
</mapper>