<?xml version="1.0" encoding="UTF-8"?>
<beans xmlns="http://www.springframework.org/schema/beans"
       xmlns:mvc="http://www.springframework.org/schema/mvc"
       xmlns:context="http://www.springframework.org/schema/context"
       xmlns:xsi="http://www.w3.org/2001/XMLSchema-instance"
       xsi:schemaLocation="
        http://www.springframework.org/schema/beans
        http://www.springframework.org/schema/beans/spring-beans.xsd
        http://www.springframework.org/schema/mvc
        http://www.springframework.org/schema/mvc/spring-mvc.xsd
        http://www.springframework.org/schema/context
        http://www.springframework.org/schema/context/spring-context.xsd">
    <context:component-scan base-package="com.kgc.controller"/>
    <mvc:annotation-driven>

        <mvc:message-converters>
            <!--json串中的中文乱码-->
            <bean class="org.springframework.http.converter.StringHttpMessageConverter">
                <property name="supportedMediaTypes">
                    <list>
                        <value>application/json;charset=UTF-8</value>
                        <value>text/html;charset=UTF-8</value>
                    </list>
                </property>
            </bean>
            <!--处理时间格式-->
            <bean class="com.alibaba.fastjson.support.spring.FastJsonHttpMessageConverter">
                <property name="supportedMediaTypes">
                    <list>
                        <value>text/html;charset=UTF-8</value>
                        <value>application/json;charset=UTF-8</value>
                    </list>
                </property>
                <property name="features">
                    <list>
                        <value>WriteDateUseDateFormat</value>
                    </list>
                </property>
            </bean>
        </mvc:message-converters>

    </mvc:annotation-driven>
    <mvc:resources mapping="/statics/**" location="/statics/"/>
    <bean  class="org.springframework.web.servlet.view.InternalResourceViewResolver">
        <property name="prefix" value="/WEB-INF/jsp/"/>
        <property name="suffix" value=".jsp"/>
    </bean>
    <bean class="org.springframework.web.multipart.commons.CommonsMultipartResolver">
        <property name="maxUploadSize" value="5000000"/>
        <property name="defaultEncoding" value="UTF-8"/>
    </bean>
    <mvc:interceptors>
        <mvc:interceptor>
            <mvc:mapping path="/sys/**"/>
            <mvc:mapping path="/common/**"/>
            <mvc:mapping path="/pro/**"/>
            <mvc:mapping path="/user/**"/>
            <bean class="com.kgc.utils.Intercetpors"/>
        </mvc:interceptor>
    </mvc:interceptors>


</beans>