<?xml version="1.0" encoding="UTF-8"?>
<!DOCTYPE mapper PUBLIC "-//mybatis.org//DTD Mapper 3.0//EN" "http://mybatis.org/dtd/mybatis-3-mapper.dtd">
<mapper namespace="com.kgc.dao.pro.SmbmsProviderDao">
    <resultMap id="proMap" type="SmbmsProvider">
        <id property="id" column="id"/>
        <result property="proCode" column="proCode"/>
        <result property="proName" column="proName"/>
        <result property="proDesc" column="proDesc"/>
        <result property="proContact" column="proContact"/>
        <result property="proPhone" column="proPhone"/>
        <result property="proAddress" column="proAddress"/>
        <result property="proFax" column="proFax"/>
        <result property="createdBy" column="createdBy"/>
        <result property="creationDate" column="creationDate"/>
        <result property="modifyDate" column="modifyDate"/>
        <result property="modifyBy" column="modifyBy"/>
    </resultMap>

    <sql id="seleFindAll">

    </sql>

    <select id="findAll" resultMap="proMap">
        select * from smbms_provider
    </select>

    <select id="findById" resultMap="proMap" parameterType="Integer">
        select * from smbms_provider where id=#{proid}
    </select>

    <select id="delFindById" resultMap="proMap" parameterType="int">
        select * from smbms_bill where providerId=#{id}
    </select>


    <delete id="providerDel" parameterType="Integer">
        delete from smbms_provider where id=#{id}
    </delete>








    <update id="providerUpdate" parameterType="SmbmsProvider">
        update smbms_provider
        <set>
          <if test="proName!=null">proName=#{proName},</if>
            proContact=#{proContact},
            proPhone=#{proPhone},
          <if test="proAddress!=null">proAddress=#{proAddress},</if>
          <if test="proFax!=null">proFax=#{proFax},</if>
          <if test="proDesc!=null">proDesc=#{proDesc},</if>
        </set>
        <where>
            proCode=#{proCode}
        </where>
    </update>



    <select id="findByName" resultMap="proMap" parameterType="SmbmsProvider">
        select * from smbms_provider
            <where>
                <if test="proCode!=null">and proCode like CONCAT ('%',#{proCode},'%')</if>
                <if test="proName!=null">and proName like CONCAT ('%',#{proName},'%')</if>
            </where>
    </select>

    <insert id="addProvder" parameterType="SmbmsProvider">
        insert into smbms_provider
            (proCode,proName,proContact,proPhone,proAddress,proFax,proDesc)
                values (
                    #{proCode},
                    #{proName},
                    #{proContact},
                    #{proPhone},
                    #{proAddress},
                    #{proFax},
                    #{proDesc}
                    )
    </insert>

</mapper>