<?xml version="1.0" encoding="UTF-8"?>
<!DOCTYPE mapper PUBLIC "-//mybatis.org//DTD Mapper 3.0//EN" "http://mybatis.org/dtd/mybatis-3-mapper.dtd">
<mapper namespace="com.kgc.dao.user.SmbmsUserDao">
  <resultMap id="BaseResultMap" type="com.kgc.pojo.user.SmbmsUser">
    <id column="id" jdbcType="BIGINT" property="id" />
    <result column="userCode" jdbcType="VARCHAR" property="usercode" />
    <result column="userName" jdbcType="VARCHAR" property="username" />
    <result column="userPassword" jdbcType="VARCHAR" property="userpassword" />
    <result column="gender" jdbcType="INTEGER" property="gender" />
    <result column="birthday" jdbcType="DATE" property="birthday" />
    <result column="phone" jdbcType="VARCHAR" property="phone" />
    <result column="address" jdbcType="VARCHAR" property="address" />
    <result column="userRole" jdbcType="BIGINT" property="userrole" />
    <result column="createdBy" jdbcType="BIGINT" property="createdby" />
    <result column="creationDate" jdbcType="TIMESTAMP" property="creationdate" />
    <result column="modifyBy" jdbcType="BIGINT" property="modifyby" />
    <result column="modifyDate" jdbcType="TIMESTAMP" property="modifydate" />
  <association property="role" javaType="Role">
    <id column="id" property="id"/>
    <result property="rolecode" column="roleCode"/>
    <result property="rolename" column="roleName"/>
    <result property="createdby" column="createdBy"/>
    <result property="creationdate" column="creationDate"/>
    <result property="modifyby" column="modifyBy"/>
    <result property="modifydate" column="modifyDate"/>
  </association>

  </resultMap>
  <resultMap id="rodMap" type="Role">
    <id column="id" property="id"/>
    <result property="rolecode" column="roleCode"/>
    <result property="rolename" column="roleName"/>
    <result property="createdby" column="createdBy"/>
    <result property="creationdate" column="creationDate"/>
    <result property="modifyby" column="modifyBy"/>
    <result property="modifydate" column="modifyDate"/>
  </resultMap>

  <sql id="Base_Column_List">
    id, userCode, userName, userPassword, gender, birthday, phone, address, userRole, 
    createdBy, creationDate, modifyBy, modifyDate
  </sql>

  <select id="selectAll" resultMap="BaseResultMap" parameterType="SmbmsUser">
    select
    <include refid="Base_Column_List" />
    from smbms_user
    where userCode = #{usercode} and userPassword=#{userpassword}
  </select>

  <update id="updateFindByPass" parameterType="SmbmsUser" >
    update smbms_user
        set userPassword=#{rnewpassword}
            where userPassword=#{oldpassword} and userCode=#{usercode}
  </update>

  <select id="findAll" resultMap="BaseResultMap">
    select su.*,sr.* from smbms_user su, smbms_role sr where su.userRole=sr.id
  </select>

  <select id="findRoleAll" resultMap="rodMap">
    select * from smbms_role
  </select>

  <select id="findByLike" resultMap="BaseResultMap">
    select * from smbms_user sm ,smbms_role sr
    <where>
        sm.userRole=sr.id
      <if test="username!=null">
        and userName like CONCAT ('%',#{username},'%')
      </if>
      <if test="userrole!=0">
          and userrole = #{userrole}
      </if>
    </where>
  </select>

  <select id="userFindById" resultMap="BaseResultMap">
            select su.*,sr.*
            from smbms_user su, smbms_role sr
            where su.userRole=sr.id
            and su.id=#{id}
  </select>

  <update id="userModify" parameterType="SmbmsUser">
    update smbms_user
      set
        birthday=#{birthday},
        phone=#{phone},
        <if test="address!=null">
          address=#{address},
        </if>
        username=#{username},
        gender=#{gender},
        userrole=#{userrole}
          where id=#{id}
  </update>



  <select id="seleUserRoder" resultMap="BaseResultMap">
    select * from smbms_user where userCode=#{usercode}
  </select>


  <insert id="addUser" parameterType="SmbmsUser">
    insert  into smbms_user
    (usercode,username,userpassword,gender,birthday,phone,address,userRole)
    values (
      #{usercode},
      #{username},
      #{userpassword},
      #{gender},
      #{birthday},
      #{phone},
      #{address},
      #{userrole}
    )
  </insert>

  <delete id="delUserById" parameterType="Integer">
    delete from smbms_user where id=#{uid}
  </delete>




</mapper>